liga,temporada,fecha,local,visitante,gl,gv,gl_1t,gv_1t,corners_l,corners_v,amarillas_l,amarillas_v,rojas_l,rojas_v,arbitro,c_mas25_avg,c_menos25_avg,c_mas25_max,c_menos25_max,c_mas25_b365,c_menos25_b365,c_mas25_pin,c_menos25_pin,c_1_avg,c_x_avg,c_2_avg
D1,2627,2026-08-28,Bayern Munich,Stuttgart,5,1,1,0,9,3,1,3,0,0,,1.15,5.03,1.18,5.75,1.17,5,,,1.21,7.37,9.88
D1,2627,2026-08-29,Elversberg,Leverkusen,3,2,2,0,4,3,3,2,0,0,,1.46,2.64,1.5,2.75,1.5,2.63,,,5.02,4.35,1.58
D1,2627,2026-08-29,FC Koln,Hoffenheim,3,2,0,1,6,7,0,2,0,0,,1.55,2.4,1.6,2.5,1.57,2.38,,,3.08,3.67,2.14
D1,2627,2026-08-29,Mainz,Paderborn,0,0,0,0,11,2,1,2,0,0,,1.45,2.66,1.48,2.9,1.44,2.75,,,1.51,4.49,5.65
D1,2627,2026-08-29,RB Leipzig,M'gladbach,3,0,1,0,7,6,1,0,0,0,,1.43,2.74,1.48,2.9,1.44,2.75,,,1.54,4.48,5.08
D1,2627,2026-08-29,Union Berlin,Ein Frankfurt,3,3,1,2,5,2,2,4,0,0,,1.54,2.41,1.6,2.5,1.57,2.38,,,2.61,3.65,2.48
D1,2627,2026-08-29,Dortmund,Hamburg,2,0,2,0,3,1,2,1,1,0,,1.42,2.76,1.45,3,1.44,2.75,,,1.32,5.49,7.99
D1,2627,2026-08-30,Freiburg,Werder Bremen,4,1,2,0,6,5,1,1,0,0,,1.64,2.2,1.67,2.3,1.67,2.2,,,1.77,3.8,4.28
D1,2627,2026-08-30,Augsburg,Schalke 04,3,0,1,0,11,3,1,0,0,1,,1.67,2.14,1.73,2.2,1.73,2.1,,,2.27,3.5,2.97
D1,2627,2026-09-04,Stuttgart,FC Koln,4,1,1,0,10,8,1,3,0,0,,1.31,3.34,1.33,3.5,1.3,3.5,,,1.44,5.09,5.94
D1,2627,2026-09-05,Hoffenheim,Dortmund,2,3,1,0,10,3,4,2,0,0,,1.41,2.79,1.48,3,1.44,2.75,,,2.43,3.81,2.59
D1,2627,2026-09-05,Leverkusen,Union Berlin,4,0,2,0,11,1,2,2,0,0,,1.38,2.97,1.4,3.1,1.4,3,,,1.34,5.43,7.38
D1,2627,2026-09-05,M'gladbach,Elversberg,3,4,2,1,13,4,3,1,0,0,,1.44,2.69,1.5,2.9,1.44,2.75,,,1.89,3.93,3.57
D1,2627,2026-09-05,Paderborn,Freiburg,0,1,0,1,5,4,3,3,0,0,,1.56,2.35,1.6,2.45,1.57,2.38,,,3.58,3.8,1.92
D1,2627,2026-09-05,Werder Bremen,RB Leipzig,3,1,1,0,2,7,1,0,0,0,,1.39,2.86,1.43,3.1,1.4,3,,,3.75,4.08,1.82
D1,2627,2026-09-05,Schalke 04,Bayern Munich,0,0,0,0,0,11,2,2,0,0,,1.24,3.9,1.26,4.33,1.25,4,,,11.53,7.37,1.19
D1,2627,2026-09-06,Hamburg,Mainz,0,5,0,2,4,5,1,3,0,0,,1.72,2.06,1.77,2.2,1.73,2.1,,,2.83,3.46,2.38
D1,2627,2026-09-06,Ein Frankfurt,Augsburg,1,4,1,0,9,4,1,1,0,0,,1.36,3.02,1.4,3.25,1.36,3.2,,,1.83,4.09,3.69
D1,2627,2026-09-11,Union Berlin,Schalke 04,1,3,0,1,4,5,3,1,0,0,,1.72,2.06,1.8,2.1,1.8,2,,,2.31,3.4,2.98
D1,2627,2026-09-12,Augsburg,Leverkusen,2,2,0,1,2,14,1,1,0,0,,1.36,3.04,1.4,3.3,1.4,3,,,3.59,4.02,1.87
D1,2627,2026-09-12,Dortmund,Paderborn,3,0,1,0,7,3,1,1,0,0,,1.32,3.28,1.36,3.5,1.33,3.4,,,1.25,6.33,9.46
D1,2627,2026-09-12,Freiburg,M'gladbach,5,0,2,0,6,2,1,4,0,1,,1.44,2.71,1.48,2.9,1.44,2.75,,,1.68,4.18,4.4
D1,2627,2026-09-12,Hoffenheim,Stuttgart,2,1,1,0,5,7,1,0,0,0,,1.32,3.3,1.37,3.5,1.33,3.4,,,2.18,3.97,2.84
D1,2627,2026-09-12,Mainz,Ein Frankfurt,1,3,0,2,4,5,0,2,0,0,,1.47,2.62,1.52,2.75,1.5,2.63,,,1.74,4.04,4.07
D1,2627,2026-09-12,FC Koln,Werder Bremen,1,1,1,0,8,5,2,1,0,0,,1.49,2.55,1.55,2.75,1.44,2.75,,,2.05,3.77,3.2
D1,2627,2026-09-13,RB Leipzig,Hamburg,5,0,2,0,7,7,1,2,0,0,,1.32,3.23,1.36,3.4,1.36,3.2,,,1.38,5.38,6.69
D1,2627,2026-09-13,Elversberg,Bayern Munich,1,2,0,1,3,9,2,0,0,0,,1.15,5.08,1.18,6,1.17,5,,,11.75,8.33,1.17
D1,2627,2026-09-18,Bayern Munich,Union Berlin,7,0,3,0,9,2,1,3,0,0,,1.08,7.38,1.1,9.5,1.08,8,,,1.03,18,40.23
D1,2627,2026-09-19,Ein Frankfurt,Freiburg,2,2,2,1,3,5,2,2,0,0,,1.47,2.6,1.52,2.75,1.44,2.75,,,2.48,3.74,2.55
D1,2627,2026-09-19,Hamburg,FC Koln,2,1,1,0,3,5,1,3,0,0,,1.58,2.32,1.62,2.5,1.57,2.38,,,2.66,3.61,2.45
D1,2627,2026-09-19,M'gladbach,Mainz,3,4,1,2,6,4,6,5,0,0,,1.54,2.42,1.6,2.6,1.57,2.38,,,3.17,3.69,2.11
D1,2627,2026-09-19,Werder Bremen,Augsburg,3,2,0,1,2,2,2,2,0,0,,1.47,2.6,1.54,2.75,1.5,2.63,,,2.23,3.75,2.88
D1,2627,2026-09-19,Stuttgart,Dortmund,0,1,0,0,6,2,2,5,0,0,,1.33,3.18,1.4,3.4,1.36,3.2,,,2.33,3.88,2.67
D1,2627,2026-09-20,Leverkusen,RB Leipzig,2,0,1,0,9,6,2,3,0,0,,1.25,3.84,1.27,4.2,1.25,4,,,1.84,4.36,3.46
D1,2627,2026-09-20,Schalke 04,Elversberg,0,0,0,0,4,4,1,2,0,0,,1.45,2.66,1.5,2.8,1.44,2.75,,,1.86,3.92,3.68
D1,2627,2026-09-20,Paderborn,Hoffenheim,3,1,2,0,6,5,0,1,0,0,,1.35,3.08,1.38,3.3,1.36,3.2,,,3.84,4.25,1.77
E0,2627,2026-08-21,Arsenal,Coventry,3,0,2,0,8,2,1,1,0,0,T Bramall,1.55,2.37,1.58,2.45,1.57,2.38,,,1.2,6.72,14
E0,2627,2026-08-22,Hull,Man United,2,0,2,0,1,6,2,1,0,0,D England,1.55,2.38,1.58,2.5,1.57,2.38,,,8.49,5.11,1.34
E0,2627,2026-08-22,Everton,Crystal Palace,2,0,1,0,4,0,0,1,0,0,P Tierney,1.93,1.83,1.98,1.88,1.98,1.88,,,2.32,3.36,3.05
E0,2627,2026-08-22,Ipswich,Sunderland,2,1,1,1,3,5,0,3,0,0,F Hallam,2.14,1.67,2.2,1.73,2.2,1.67,,,2.83,3.22,2.52
E0,2627,2026-08-22,Nott'm Forest,Leeds,0,1,0,0,3,2,2,1,0,0,R Jones,2.12,1.69,2.2,1.75,2.2,1.67,,,2.45,3.2,2.94
E0,2627,2026-08-22,Brentford,Tottenham,3,0,2,0,7,3,1,1,0,0,M Oliver,1.65,2.18,1.7,2.3,1.67,2.2,,,1.99,3.71,3.39
E0,2627,2026-08-23,Brighton,Aston Villa,4,0,4,0,5,2,2,3,0,1,P Bankes,1.93,1.82,2.03,1.85,2.03,1.83,,,2.07,3.41,3.52
E0,2627,2026-08-23,Man City,Bournemouth,2,1,0,1,8,3,1,2,0,0,J Gillett,1.52,2.45,1.57,2.63,1.57,2.38,,,1.44,4.78,6.36
E0,2627,2026-08-23,Newcastle,Liverpool,2,2,1,0,2,6,5,3,0,0,S Attwell,1.49,2.58,2,2.8,1.44,2.75,,,3.66,3.82,1.92
E0,2627,2026-08-24,Fulham,Chelsea,2,3,1,2,6,4,2,3,0,0,J Brooks,1.84,1.91,1.91,1.95,1.91,1.91,,,3.57,3.5,2.02
E0,2627,2026-08-28,Crystal Palace,Man City,1,4,0,1,2,6,1,2,0,0,A Madley,1.63,2.21,1.67,2.3,1.67,2.2,,,4.96,4.13,1.62
E0,2627,2026-08-29,Liverpool,Nott'm Forest,2,2,0,1,3,5,4,2,0,0,S Barrott,1.49,2.55,1.53,2.7,1.53,2.5,,,1.46,4.7,6.09
E0,2627,2026-08-29,Bournemouth,Everton,1,1,1,0,10,7,3,2,0,0,C Kavanagh,1.75,2.03,1.83,2.1,1.8,2,,,2.18,3.46,3.24
E0,2627,2026-08-29,Coventry,Hull,0,1,0,0,6,2,1,4,0,0,J Smith,1.7,2.08,1.73,2.15,1.73,2.1,,,1.72,3.82,4.72
E0,2627,2026-08-29,Tottenham,Newcastle,0,2,0,0,9,7,1,2,0,0,P Bankes,1.6,2.26,1.62,2.4,1.62,2.3,,,2.15,3.67,3.06
E0,2627,2026-08-30,Chelsea,Brighton,4,3,3,1,4,7,1,3,0,0,M Oliver,1.59,2.29,1.62,2.4,1.62,2.3,,,1.83,3.83,3.89
E0,2627,2026-08-30,Leeds,Brentford,1,1,0,1,5,6,0,4,0,0,T Harrington,1.78,1.98,1.83,2.05,1.83,2.03,,,2.74,3.4,2.48
E0,2627,2026-08-30,Sunderland,Fulham,1,0,0,0,3,4,0,2,0,0,M Salisbury,2,1.76,2.2,1.83,2,1.8,,,2.22,3.29,3.28
E0,2627,2026-08-30,Man United,Ipswich,5,2,1,1,8,4,1,3,0,0,C Pawson,1.39,2.86,1.45,3.1,1.4,3,,,1.34,5.39,7.68
E0,2627,2026-08-31,Aston Villa,Arsenal,0,1,0,0,2,4,3,1,0,0,J Gillett,1.7,2.08,1.75,2.15,1.73,2.1,,,6.54,4.41,1.47
E0,2627,2026-09-04,Ipswich,Liverpool,0,2,0,2,4,3,1,3,0,0,D England,1.45,2.66,1.5,2.8,1.5,2.63,,,4.86,4.34,1.62
E0,2627,2026-09-05,Newcastle,Bournemouth,2,2,1,2,4,3,2,3,0,0,R Jones,1.58,2.32,1.64,2.45,1.62,2.3,,,2.12,3.64,3.22
E0,2627,2026-09-05,Brentford,Sunderland,1,1,0,0,4,3,3,2,0,0,T Bramall,1.79,1.97,1.83,2.03,1.83,2.03,,,1.68,3.86,4.89
E0,2627,2026-09-05,Brighton,Leeds,1,1,0,1,7,6,3,3,0,0,S Attwell,1.76,2.01,1.8,2.05,1.8,2,,,1.94,3.63,3.73
E0,2627,2026-09-05,Fulham,Crystal Palace,2,3,2,1,7,1,0,0,0,0,S Barrott,1.84,1.92,1.88,2,1.88,1.98,,,2.16,3.39,3.35
E0,2627,2026-09-05,Man City,Coventry,1,0,1,0,4,5,1,2,0,0,P Tierney,1.38,2.95,1.42,3.1,1.4,3,,,1.19,7.18,12.96
E0,2627,2026-09-05,Nott'm Forest,Tottenham,0,0,0,0,2,10,2,2,0,0,C Pawson,1.84,1.92,1.9,2,1.85,2,,,2.64,3.38,2.61
E0,2627,2026-09-05,Hull,Aston Villa,0,0,0,0,3,4,2,0,0,0,M Oliver,1.8,1.96,1.84,2.05,1.8,2,,,3.92,3.59,1.89
E0,2627,2026-09-06,Everton,Man United,2,2,0,0,4,3,3,3,0,0,J Brooks,1.57,2.34,1.62,2.4,1.57,2.38,,,3.65,3.82,1.91
E0,2627,2026-09-06,Arsenal,Chelsea,2,1,1,1,5,3,2,4,0,0,C Kavanagh,1.71,2.07,1.8,2.15,1.73,2.1,,,1.7,3.85,4.74
E0,2627,2026-09-12,Aston Villa,Nott'm Forest,1,2,0,0,6,1,2,5,0,0,A Madley,1.83,1.92,1.91,1.95,1.91,1.91,,,2.22,3.43,3.19
E0,2627,2026-09-12,Bournemouth,Brentford,2,2,1,1,2,1,5,1,0,0,J Gillett,1.69,2.17,2.5,2.3,1.62,2.3,,,2.29,3.59,2.91
E0,2627,2026-09-12,Chelsea,Hull,2,2,1,2,10,4,1,5,0,0,F Hallam,1.42,2.78,1.45,3,1.44,2.75,,,1.21,6.67,11.96
E0,2627,2026-09-12,Crystal Palace,Ipswich,2,3,1,2,6,3,1,3,1,0,C Kavanagh,1.66,2.16,1.7,2.25,1.67,2.2,,,2.1,3.62,3.27
E0,2627,2026-09-12,Liverpool,Fulham,0,0,0,0,5,8,0,1,0,0,T Bramall,1.47,2.61,1.52,2.75,1.5,2.63,,,1.5,4.58,5.74
E0,2627,2026-09-12,Tottenham,Everton,0,0,0,0,5,6,0,2,0,0,D England,1.72,2.07,1.8,2.15,1.73,2.1,,,1.98,3.63,3.59
E0,2627,2026-09-12,Sunderland,Arsenal,0,2,0,0,4,2,6,2,1,0,J Brooks,2.08,1.71,2.15,1.75,2.1,1.73,,,5.89,3.72,1.62
E0,2627,2026-09-13,Coventry,Brighton,0,5,0,1,5,3,0,0,1,0,T Harrington,1.61,2.24,1.65,2.38,1.62,2.3,,,3.71,3.78,1.91
E0,2627,2026-09-13,Man United,Man City,0,1,0,0,6,7,1,2,0,1,M Oliver,1.45,2.67,1.5,2.9,1.44,2.75,,,2.95,3.76,2.2
E0,2627,2026-09-14,Leeds,Newcastle,4,1,3,0,5,5,1,2,0,0,M Salisbury,1.68,2.12,1.73,2.2,1.73,2.1,,,2.3,3.46,2.98
E0,2627,2026-09-18,Brentford,Chelsea,3,0,0,0,4,12,2,0,0,0,A Madley,1.49,2.54,1.58,2.63,1.53,2.5,,,2.53,3.63,2.58
E0,2627,2026-09-19,Tottenham,Aston Villa,2,3,0,1,11,1,1,2,0,0,S Barrott,1.6,2.29,1.64,2.4,1.62,2.3,,,1.89,3.77,3.81
E0,2627,2026-09-19,Brighton,Arsenal,3,0,2,0,5,6,4,1,0,0,D England,1.78,1.98,1.83,2.05,1.83,2.03,,,4.92,3.84,1.68
E0,2627,2026-09-19,Everton,Ipswich,1,0,1,0,4,4,2,1,0,1,S Attwell,1.67,2.14,1.7,2.2,1.67,2.2,,,1.74,3.85,4.43
E0,2627,2026-09-19,Newcastle,Hull,2,1,2,0,4,7,1,4,0,0,T Harrington,1.55,2.38,1.58,2.4,1.57,2.38,,,1.59,4.29,5.05
E0,2627,2026-09-19,Nott'm Forest,Coventry,0,1,0,0,6,2,2,0,0,0,J Gillett,1.73,2.04,1.8,2.15,1.73,2.1,,,1.63,3.93,5.21
E0,2627,2026-09-20,Bournemouth,Liverpool,0,1,0,0,3,3,1,2,0,0,M Oliver,1.55,2.39,1.62,2.5,1.57,2.38,,,3.11,3.66,2.15
E0,2627,2026-09-20,Leeds,Crystal Palace,0,0,0,0,4,3,2,3,0,0,A Herczeg,1.69,2.1,1.73,2.2,1.73,2.1,,,1.66,3.95,4.93
E0,2627,2026-09-20,Man City,Sunderland,5,3,3,2,6,5,0,1,0,0,R Jones,1.61,2.26,1.65,2.38,1.62,2.3,,,1.34,5.19,8.5
E0,2627,2026-09-20,Fulham,Man United,1,1,0,0,3,13,3,0,0,0,P Bankes,1.57,2.33,1.62,2.4,1.62,2.3,,,3.49,3.74,1.98
E1,2627,2026-08-14,Wolves,Blackburn,2,2,1,1,5,5,1,3,0,0,F Hallam,1.82,1.91,1.9,2,1.8,2,,,1.48,4.27,6.5
E1,2627,2026-08-15,Bolton,Preston,2,1,2,0,5,2,2,3,0,0,A Herczeg,1.98,1.77,2,1.8,2,1.8,,,2.34,3.29,3.02
E1,2627,2026-08-15,Bristol City,Millwall,0,2,0,1,6,6,2,2,1,0,L Smith,1.89,1.85,1.95,1.91,1.91,1.91,,,2.49,3.38,2.73
E1,2627,2026-08-15,Charlton,Derby,2,1,0,1,5,4,0,3,0,0,B Speedie,2.23,1.61,2.38,1.65,2.38,1.57,,,2.65,3.13,2.74
E1,2627,2026-08-15,Middlesbrough,Lincoln,2,1,0,1,5,5,0,2,0,0,R Madley,1.75,2.02,1.8,2.1,1.8,2,,,1.49,4.34,6.28
E1,2627,2026-08-15,Norwich,West Brom,1,2,0,0,8,2,0,2,0,0,T Robinson,1.86,1.88,1.93,1.91,1.91,1.91,,,1.96,3.54,3.72
E1,2627,2026-08-15,Portsmouth,QPR,1,3,1,3,6,3,0,1,0,0,W Finnie,2.18,1.64,2.25,1.67,2.2,1.67,,,2.34,3.2,3.1
E1,2627,2026-08-15,Stoke,Swansea,1,2,1,1,4,5,1,3,0,0,O Langford,1.92,1.82,1.95,1.91,1.91,1.91,,,2.28,3.37,3.05
E1,2627,2026-08-15,Sheffield United,Birmingham,0,0,0,0,2,8,0,0,0,0,G Ward,2.02,1.75,2.1,1.8,2.1,1.73,,,2.18,3.32,3.25
E1,2627,2026-08-16,Watford,Southampton,2,1,2,0,4,8,6,3,0,0,M Donohue,1.69,2.1,1.73,2.2,1.73,2.1,,,3.6,3.66,1.96
E1,2627,2026-08-16,Burnley,West Ham,2,2,0,1,5,6,1,4,0,0,J Smith,1.74,2.03,1.8,2.1,1.73,2.1,,,3.03,3.49,2.24
E1,2627,2026-08-17,Cardiff,Wrexham,1,1,0,1,9,9,0,2,0,0,A Kitchen,1.65,2.16,1.7,2.25,1.67,2.2,,,2.46,3.52,2.68
E1,2627,2026-08-22,Birmingham,Bristol City,2,2,1,1,7,3,2,1,0,0,W Finnie,1.93,1.81,1.98,1.88,1.98,1.88,,,1.71,3.67,4.76
E1,2627,2026-08-22,Lincoln,Portsmouth,1,3,1,2,8,3,3,1,0,0,T Harrington,2,1.76,2.1,1.8,2.1,1.73,,,2.32,3.31,3.04
E1,2627,2026-08-22,Millwall,Norwich,3,0,1,0,8,3,1,3,0,1,S Allison,1.76,1.99,1.8,2.1,1.73,2.1,,,2.78,3.47,2.41
E1,2627,2026-08-22,Blackburn,Middlesbrough,2,1,0,1,2,10,4,1,0,0,T Reeves,1.8,1.94,1.84,2.03,1.83,2.03,,,3.69,3.56,1.95
E1,2627,2026-08-22,Derby,Cardiff,2,2,1,2,7,7,5,1,0,0,R Ricardo,1.79,1.95,1.84,2,1.8,2,,,2.15,3.43,3.25
E1,2627,2026-08-22,Preston,Wolves,1,3,0,1,5,4,4,1,0,0,E Bell,1.87,1.86,2,1.95,2,1.85,,,3.6,3.44,2.02
E1,2627,2026-08-22,QPR,Bolton,0,0,0,0,9,2,1,2,0,0,E Duckworth,1.84,1.9,1.9,1.98,1.88,1.98,,,1.88,3.63,3.9
E1,2627,2026-08-22,Southampton,Stoke,3,1,1,1,4,2,3,5,0,1,S Martin,1.63,2.2,1.67,2.25,1.67,2.2,,,1.62,4.13,4.89
E1,2627,2026-08-22,Swansea,Sheffield United,0,0,0,0,6,3,2,2,0,0,T Nield,1.96,1.8,2.05,1.83,2.03,1.83,,,2.67,3.3,2.59
E1,2627,2026-08-22,West Ham,Charlton,1,2,0,1,7,4,2,3,0,0,A Kitchen,1.57,2.32,1.62,2.4,1.57,2.38,,,1.41,4.74,6.73
E1,2627,2026-08-22,Wrexham,Watford,1,1,1,1,10,3,2,0,0,0,J Busby,1.82,1.93,1.85,2,1.85,2,,,1.79,3.69,4.27
E1,2627,2026-08-23,West Brom,Burnley,3,1,1,1,3,5,1,2,0,0,A Backhouse,1.87,1.87,1.95,1.91,1.91,1.91,,,2.46,3.31,2.81
E1,2627,2026-08-28,Wrexham,Birmingham,1,2,0,1,3,6,1,2,0,0,R Jones,2.19,1.64,2.25,1.67,2.2,1.67,,,2.18,3.22,3.42
E1,2627,2026-08-29,Derby,Swansea,0,3,0,2,5,6,3,2,0,0,D Webb,2.06,1.71,2.1,1.73,2.1,1.73,,,2.35,3.27,2.98
E1,2627,2026-08-29,Middlesbrough,West Brom,3,1,0,0,7,6,0,1,0,0,P Tierney,1.7,2.08,1.74,2.2,1.73,2.1,,,1.72,3.89,4.51
E1,2627,2026-08-29,Wolves,Stoke,4,1,2,1,7,1,1,4,0,0,T Nield,1.76,1.99,1.83,2.05,1.83,2.03,,,1.66,3.88,4.92
E1,2627,2026-08-29,Blackburn,QPR,1,2,0,0,3,3,3,2,0,0,G Ward,1.9,1.84,1.95,1.91,1.95,1.9,,,2.8,3.37,2.43
E1,2627,2026-08-29,Bolton,Lincoln,0,1,0,0,14,2,0,3,0,0,B Speedie,1.85,1.89,1.9,2.03,1.83,2.03,,,2.42,3.37,2.81
E1,2627,2026-08-29,Bristol City,Portsmouth,2,1,1,0,3,10,3,0,0,0,J Bell,1.86,1.87,1.93,1.98,1.88,1.98,,,2.14,3.46,3.25
E1,2627,2026-08-29,Cardiff,Sheffield United,2,2,2,2,13,2,2,2,0,0,J Busby,1.56,2.35,1.62,2.4,1.57,2.38,,,2.74,3.67,2.34
E1,2627,2026-08-29,Charlton,Preston,1,0,0,0,7,4,1,1,0,0,T Reeves,2.03,1.75,2.1,1.83,2.03,1.83,,,2.08,3.35,3.5
E1,2627,2026-08-29,Norwich,Burnley,4,1,3,1,3,5,4,3,0,1,E Bell,1.64,2.18,1.67,2.25,1.67,2.2,,,1.99,3.66,3.43
E1,2627,2026-08-29,Southampton,Millwall,5,1,2,1,8,11,2,1,0,0,A Herczeg,1.61,2.24,1.65,2.38,1.62,2.3,,,1.95,3.73,3.49
E1,2627,2026-08-29,Watford,West Ham,1,1,1,1,3,11,3,1,0,0,R Madley,1.54,2.39,1.58,2.5,1.57,2.38,,,4.19,3.99,1.74
E1,2627,2026-09-01,Lincoln,Blackburn,0,0,0,0,5,7,1,4,0,1,W Finnie,1.87,1.86,1.95,1.91,1.95,1.9,,,2.34,3.38,2.91
E1,2627,2026-09-01,Portsmouth,Derby,0,2,0,1,11,2,1,2,0,0,S Allison,1.95,1.8,2.03,1.83,2.03,1.83,,,2.05,3.36,3.6
E1,2627,2026-09-01,Preston,Bristol City,1,3,0,1,5,2,2,0,0,0,R Ricardo,1.85,1.89,1.9,1.98,1.88,1.98,,,2.68,3.4,2.52
E1,2627,2026-09-01,Sheffield United,Bolton,3,2,1,1,5,5,0,2,0,0,T Harrington,1.75,2.01,1.8,2.1,1.8,2,,,1.66,3.91,4.83
E1,2627,2026-09-01,Swansea,Watford,2,0,2,0,5,3,0,4,0,0,E Duckworth,1.87,1.86,1.95,1.91,1.95,1.9,,,1.85,3.61,4.05
E1,2627,2026-09-01,West Ham,Wolves,4,2,2,1,6,7,2,1,0,0,L Smith,1.62,2.23,1.67,2.3,1.67,2.2,,,2.18,3.6,3.07
E1,2627,2026-09-01,Birmingham,Southampton,1,1,0,1,3,5,3,2,0,0,A Backhouse,1.72,2.05,1.8,2.1,1.73,2.1,,,2.63,3.48,2.48
E1,2627,2026-09-01,Stoke,Norwich,1,0,1,0,3,5,2,2,0,0,A Kitchen,1.87,1.87,1.98,1.91,1.98,1.88,,,3.26,3.43,2.15
E1,2627,2026-09-02,Millwall,Wrexham,0,3,0,1,1,2,2,1,0,0,O Langford,2.08,1.7,2.15,1.75,2.1,1.73,,,2.28,3.24,3.15
E1,2627,2026-09-02,QPR,Cardiff,2,1,1,0,3,4,0,2,0,0,T Robinson,1.5,2.5,1.57,2.7,1.53,2.5,,,1.98,3.83,3.37
E1,2627,2026-09-02,West Brom,Charlton,1,1,0,0,8,3,1,1,0,0,F Hallam,1.85,1.89,1.9,1.95,1.9,1.95,,,1.64,3.84,5.08
E1,2627,2026-09-02,Burnley,Middlesbrough,1,1,0,1,5,1,2,2,0,0,M Donohue,1.58,2.29,1.62,2.4,1.62,2.3,,,3.11,3.7,2.13
E1,2627,2026-09-05,Lincoln,Southampton,1,1,0,1,4,6,3,0,0,0,A Kitchen,1.64,2.18,1.67,2.3,1.67,2.2,,,4.11,3.93,1.77
E1,2627,2026-09-05,Preston,Blackburn,2,1,2,0,3,11,4,2,0,0,A Backhouse,1.87,1.86,1.91,1.91,1.91,1.91,,,2.31,3.35,3
E1,2627,2026-09-05,Stoke,Charlton,4,0,4,0,5,3,1,4,0,1,R Madley,2.18,1.64,2.2,1.7,2.2,1.67,,,2,3.27,3.86
E1,2627,2026-09-05,Burnley,Bristol City,1,2,0,0,5,8,3,0,0,0,G Ward,1.8,1.94,1.85,2.03,1.83,2.03,,,1.95,3.57,3.67
E1,2627,2026-09-05,Millwall,Bolton,4,0,1,0,3,9,0,1,1,1,W Finnie,1.84,1.89,1.9,1.95,1.9,1.95,,,1.96,3.46,3.78
E1,2627,2026-09-05,Portsmouth,Cardiff,2,0,1,0,5,7,0,4,0,0,B Speedie,1.65,2.17,1.7,2.25,1.67,2.2,,,2.41,3.53,2.75
E1,2627,2026-09-05,QPR,Middlesbrough,0,1,0,1,12,3,1,2,0,0,A Madley,1.65,2.16,1.7,2.2,1.67,2.2,,,2.89,3.56,2.28
E1,2627,2026-09-05,Sheffield United,Norwich,1,3,1,2,7,4,2,3,0,0,J Smith,1.68,2.11,1.73,2.2,1.67,2.2,,,2.56,3.49,2.58
E1,2627,2026-09-05,West Brom,Watford,1,0,1,0,5,4,5,3,0,0,M Salisbury,1.79,1.96,1.85,2.1,1.8,2,,,1.71,3.75,4.67
E1,2627,2026-09-05,West Ham,Derby,3,0,1,0,5,6,0,2,0,0,O Langford,1.53,2.4,1.57,2.5,1.53,2.5,,,1.34,5.22,7.97
E1,2627,2026-09-05,Swansea,Wrexham,0,0,0,0,5,2,3,0,0,0,E Bell,1.97,1.78,2.05,1.83,2.05,1.8,,,2.24,3.3,3.18
E1,2627,2026-09-06,Birmingham,Wolves,2,2,2,2,8,4,2,1,0,0,A Herczeg,1.85,1.89,1.9,1.98,1.88,1.98,,,2.85,3.37,2.39
E1,2627,2026-09-08,Blackburn,Sheffield United,1,2,1,2,7,3,1,2,0,0,M Donohue,1.83,1.91,1.88,1.98,1.88,1.98,,,2.85,3.39,2.39
E1,2627,2026-09-08,Cardiff,Stoke,1,1,0,1,7,5,1,2,0,0,S Allison,1.6,2.25,1.65,2.3,1.62,2.3,,,2.06,3.64,3.29
E1,2627,2026-09-08,Southampton,Swansea,3,1,2,0,9,3,0,1,0,0,L Smith,1.68,2.11,1.73,2.15,1.73,2.1,,,1.83,3.78,3.96
E1,2627,2026-09-08,Watford,Preston,2,1,0,1,2,4,0,2,0,0,F Hallam,1.98,1.77,2,1.83,2,1.8,,,2.19,3.34,3.23
E1,2627,2026-09-08,Wrexham,Burnley,1,1,0,1,4,4,2,3,0,0,T Robinson,2.14,1.66,2.2,1.73,2.2,1.67,,,2.08,3.31,3.54
E1,2627,2026-09-08,Bolton,West Ham,2,3,2,2,4,4,0,3,0,0,D Webb,1.56,2.34,1.6,2.4,1.57,2.38,,,4.43,4.03,1.69
E1,2627,2026-09-09,Derby,West Brom,0,1,0,1,11,3,0,4,0,1,J Bell,1.99,1.77,2.05,1.8,2,1.8,,,3.37,3.33,2.13
E1,2627,2026-09-09,Norwich,Birmingham,2,1,2,0,6,7,6,2,0,0,T Reeves,1.75,2.02,1.8,2.1,1.8,2,,,1.92,3.57,3.81
E1,2627,2026-09-09,Charlton,QPR,0,0,0,0,5,12,0,2,0,0,T Nield,1.94,1.81,2.03,1.85,2.03,1.83,,,3.18,3.34,2.23
E1,2627,2026-09-11,West Ham,Wrexham,6,0,2,0,3,6,1,0,0,0,M Donohue,1.6,2.25,1.62,2.3,1.62,2.3,,,1.47,4.43,6.12
E1,2627,2026-09-12,Bolton,Cardiff,1,0,0,0,2,10,5,2,0,0,T Parsons,1.49,2.51,1.55,2.63,1.53,2.5,,,2.68,3.73,2.36
E1,2627,2026-09-12,Derby,Birmingham,1,2,1,1,10,4,1,3,0,0,J Busby,1.91,1.83,1.95,1.91,1.91,1.91,,,3.21,3.38,2.19
E1,2627,2026-09-12,West Brom,QPR,1,1,1,1,5,3,1,4,0,0,R Ricardo,1.86,1.87,1.91,1.91,1.91,1.91,,,2.18,3.3,3.32
E1,2627,2026-09-12,Blackburn,Millwall,3,1,1,0,6,2,5,3,0,0,J Smith,2.06,1.71,2.1,1.75,2.1,1.73,,,2.49,3.24,2.86
E1,2627,2026-09-12,Charlton,Portsmouth,0,0,0,0,7,5,1,1,0,0,A Kitchen,2.11,1.68,2.15,1.73,2.1,1.73,,,2.7,3.19,2.63
E1,2627,2026-09-12,Middlesbrough,Norwich,4,3,3,1,3,5,2,1,0,0,A Herczeg,1.53,2.39,1.58,2.5,1.53,2.5,,,1.84,3.92,3.77
E1,2627,2026-09-12,Preston,Lincoln,0,1,0,0,16,3,1,1,0,0,S Martin,1.8,1.94,1.85,2,1.8,2,,,2.42,3.41,2.78
E1,2627,2026-09-12,Southampton,Bristol City,4,1,1,0,2,5,0,2,0,0,S Allison,1.56,2.35,1.6,2.5,1.57,2.38,,,1.67,4.08,4.51
E1,2627,2026-09-12,Swansea,Burnley,3,1,2,0,3,6,2,1,0,0,J Bell,1.83,1.91,1.91,2,1.91,1.91,,,2.06,3.48,3.44
E1,2627,2026-09-12,Watford,Stoke,1,2,0,1,5,8,2,2,0,0,L Smith,1.95,1.79,2,1.83,2,1.8,,,2.27,3.32,3.11
E1,2627,2026-09-13,Sheffield United,Wolves,0,1,0,0,0,9,2,1,0,0,R Jones,1.8,1.96,1.85,2,1.85,2,,,3.29,3.44,2.13
E1,2627,2026-09-15,Bristol City,Lincoln,0,1,0,0,13,4,2,5,0,0,T Robinson,1.95,1.79,2,1.85,2,1.85,,,1.86,3.55,4.13
E1,2627,2026-09-15,Middlesbrough,Millwall,2,2,0,2,14,1,1,1,0,0,R Madley,1.5,2.5,1.54,2.63,1.5,2.63,,,1.4,4.9,6.9
E1,2627,2026-09-18,Bristol City,Watford,1,0,1,0,2,5,2,5,0,0,O Langford,1.7,2.08,1.75,2.1,1.73,2.1,,,1.72,3.9,4.41
E1,2627,2026-09-19,Cardiff,Charlton,3,1,2,1,6,1,5,3,0,0,E Bell,1.53,2.4,1.58,2.5,1.53,2.5,,,1.67,4.17,4.49
E1,2627,2026-09-19,Millwall,West Ham,2,2,2,0,3,11,1,4,0,1,P Tierney,1.61,2.23,1.65,2.3,1.62,2.3,,,4.75,4.03,1.65
E1,2627,2026-09-19,Stoke,Sheffield United,2,1,0,0,8,1,4,4,0,0,T Robinson,2,1.75,2.1,1.83,2.1,1.73,,,2.27,3.26,3.16
E1,2627,2026-09-19,Birmingham,Middlesbrough,2,2,0,1,5,3,2,0,0,0,D Webb,1.66,2.14,1.73,2.2,1.73,2.1,,,2.79,3.57,2.34
E1,2627,2026-09-19,Burnley,Derby,1,1,1,0,4,6,4,2,0,0,S Martin,1.77,1.97,1.8,2,1.8,2,,,1.8,3.68,4.2
E1,2627,2026-09-19,Lincoln,Swansea,1,2,1,0,2,1,2,1,0,0,A Backhouse,2.07,1.7,2.15,1.73,2.1,1.73,,,2.99,3.26,2.34
E1,2627,2026-09-19,Portsmouth,Blackburn,2,2,1,1,9,7,2,1,0,0,J Busby,2.03,1.73,2.1,1.8,2.1,1.73,,,2.2,3.3,3.21
E1,2627,2026-09-19,QPR,Preston,2,2,0,2,9,3,2,2,1,0,T Parsons,1.73,2.05,1.8,2.2,1.73,2.1,,,1.73,3.82,4.44
E1,2627,2026-09-19,Wrexham,Southampton,2,1,1,0,2,3,1,4,0,0,G Ward,1.68,2.12,1.73,2.25,1.73,2.1,,,2.61,3.56,2.48
E1,2627,2026-09-20,Wolves,West Brom,1,0,0,0,8,7,1,2,0,0,J Smith,1.89,1.84,2,1.91,2,1.8,,,1.85,3.56,4.06
E1,2627,2026-09-20,Norwich,Bolton,3,4,2,2,4,2,0,0,0,0,T Nield,1.41,2.76,1.45,3,1.44,2.75,,,1.4,4.94,6.68
F1,2627,2026-08-21,Marseille,Strasbourg,4,0,0,0,3,4,1,2,0,1,,1.51,2.46,1.58,2.63,1.57,2.38,,,1.73,4.02,4.25
F1,2627,2026-08-22,Lens,Auxerre,5,2,1,0,4,7,1,1,0,1,,1.65,2.17,1.67,2.25,1.67,2.2,,,1.44,4.56,6.9
F1,2627,2026-08-22,Le Mans,Brest,2,2,1,1,1,10,1,1,0,0,,1.9,1.84,1.98,1.91,1.98,1.88,,,2.5,3.32,2.76
F1,2627,2026-08-22,Nice,Lorient,0,0,0,0,9,3,1,0,0,0,,2.06,1.71,2.15,1.73,2.1,1.73,,,2.33,3.23,3.1
F1,2627,2026-08-22,Toulouse,Lyon,0,2,0,0,6,5,1,2,0,0,,1.83,1.91,1.88,2,1.88,1.98,,,2.25,3.42,3.09
F1,2627,2026-08-22,Troyes,Paris FC,0,0,0,0,6,2,2,1,0,0,,1.73,2.03,1.8,2.1,1.8,2,,,3.3,3.52,2.11
F1,2627,2026-08-23,Angers,Lille,0,2,0,2,8,3,2,2,0,0,,2.04,1.73,2.1,1.8,2.1,1.73,,,4.67,3.58,1.76
F1,2627,2026-08-23,Le Havre,Monaco,0,1,0,1,7,4,3,2,0,0,,1.86,1.88,2.03,1.95,2.03,1.83,,,3.89,3.5,1.92
F1,2627,2026-08-23,Rennes,Paris SG,2,2,2,0,0,10,2,2,0,0,,1.41,2.78,1.45,3,1.4,3,,,5.94,4.84,1.45
F1,2627,2026-08-28,Lille,Paris SG,2,2,1,0,0,5,2,1,0,0,,1.65,2.17,1.73,2.3,1.73,2.1,,,4.46,3.85,1.73
F1,2627,2026-08-29,Strasbourg,Lens,2,1,0,1,3,6,2,2,0,0,,1.54,2.38,1.6,2.5,1.57,2.38,,,3.76,3.8,1.86
F1,2627,2026-08-29,Auxerre,Angers,1,3,1,1,7,10,3,2,0,0,,2.05,1.72,2.1,1.75,2.1,1.73,,,2.16,3.28,3.39
F1,2627,2026-08-29,Brest,Toulouse,2,2,1,1,7,2,2,3,0,0,,1.89,1.85,1.95,1.91,1.95,1.9,,,2.42,3.35,2.84
F1,2627,2026-08-29,Lorient,Troyes,1,2,0,2,2,5,0,0,0,0,,2.16,1.65,2.25,1.68,2.2,1.67,,,1.93,3.33,4.1
F1,2627,2026-08-29,Lyon,Le Havre,1,1,0,0,5,5,0,2,0,0,,1.66,2.15,1.7,2.2,1.67,2.2,,,1.41,4.7,7.21
F1,2627,2026-08-30,Paris FC,Nice,3,0,1,0,2,4,0,1,0,0,,1.97,1.78,2.05,1.83,2.05,1.8,,,1.94,3.42,3.94
F1,2627,2026-08-30,Rennes,Le Mans,3,2,2,1,8,6,3,2,0,1,,1.49,2.53,1.52,2.7,1.5,2.63,,,1.35,5.22,7.81
F1,2627,2026-08-30,Monaco,Marseille,2,0,1,0,5,7,4,0,0,0,,1.7,2.09,1.73,2.15,1.73,2.1,,,2.2,3.5,3.13
F1,2627,2026-09-03,Toulouse,Lille,0,1,0,0,6,2,1,0,0,0,,1.87,1.87,1.91,1.91,1.91,1.91,,,3.71,3.41,2.01
F1,2627,2026-09-04,Lyon,Auxerre,3,1,2,1,9,5,2,2,0,0,,1.44,2.66,1.48,2.8,1.44,2.75,,,1.39,5.02,6.92
F1,2627,2026-09-04,Paris SG,Monaco,1,2,1,0,6,0,1,1,0,0,,1.34,3.15,1.38,3.3,1.36,3.2,,,1.31,5.72,7.93
F1,2627,2026-09-05,Lens,Lorient,0,1,0,0,8,0,4,1,1,0,,1.61,2.23,1.67,2.3,1.67,2.2,,,1.51,4.37,5.82
F1,2627,2026-09-05,Le Havre,Brest,1,2,0,1,5,5,1,1,1,0,,2.06,1.73,2.2,1.8,2.2,1.67,,,2.85,3.21,2.51
F1,2627,2026-09-05,Nice,Le Mans,1,1,1,1,5,2,2,2,0,0,,1.68,2.12,1.73,2.2,1.67,2.2,,,1.65,3.98,4.91
F1,2627,2026-09-06,Troyes,Strasbourg,2,6,1,2,11,0,1,1,0,0,,1.73,2.03,1.8,2.1,1.73,2.1,,,2.76,3.42,2.45
F1,2627,2026-09-06,Angers,Rennes,1,2,1,2,12,6,1,1,0,0,,1.53,2.42,1.58,2.5,1.57,2.38,,,4.41,4,1.7
F1,2627,2026-09-06,Marseille,Paris FC,2,3,1,2,5,4,0,2,0,0,,1.63,2.19,1.67,2.3,1.62,2.3,,,1.87,3.75,3.83
F1,2627,2026-09-11,Rennes,Marseille,1,0,0,0,3,5,1,4,0,0,,1.48,2.58,1.53,2.75,1.53,2.5,,,1.97,3.85,3.38
F1,2627,2026-09-12,Strasbourg,Monaco,1,1,0,0,2,7,1,1,0,0,,1.56,2.33,1.62,2.4,1.62,2.3,,,3.01,3.65,2.2
F1,2627,2026-09-12,Auxerre,Nice,1,0,0,0,3,8,1,1,0,0,,1.89,1.85,1.95,1.93,1.93,1.93,,,2.85,3.33,2.43
F1,2627,2026-09-12,Le Havre,Angers,0,0,0,0,4,6,1,1,0,0,,1.78,1.96,1.8,2,1.8,2,,,2.57,3.35,2.67
F1,2627,2026-09-12,Lorient,Toulouse,2,2,2,0,4,3,1,0,0,0,,1.81,1.94,1.87,2.03,1.83,2.03,,,2.33,3.31,2.99
F1,2627,2026-09-12,Paris FC,Lyon,0,0,0,0,4,3,2,1,0,0,,1.62,2.23,1.67,2.3,1.67,2.2,,,2.48,3.57,2.64
F1,2627,2026-09-13,Lille,Troyes,2,0,1,0,2,5,1,0,0,0,,1.52,2.42,1.57,2.55,1.53,2.5,,,1.48,4.57,6.02
F1,2627,2026-09-13,Le Mans,Lens,2,2,2,1,3,9,2,3,0,0,,1.45,2.64,1.5,2.8,1.44,2.75,,,4.79,4.3,1.61
F1,2627,2026-09-13,Brest,Paris SG,0,1,0,1,3,2,1,2,0,0,,1.28,3.51,1.33,3.75,1.3,3.5,,,10.7,6.86,1.22
F1,2627,2026-09-18,Monaco,Lens,2,1,1,0,2,8,1,1,0,0,,1.48,2.53,1.54,2.63,1.53,2.5,,,1.81,3.92,3.95
F1,2627,2026-09-19,Paris FC,Strasbourg,2,1,1,0,3,0,3,2,0,0,,1.55,2.35,1.58,2.4,1.57,2.38,,,1.79,3.88,4.07
F1,2627,2026-09-19,Angers,Troyes,2,0,1,0,2,11,3,2,0,0,,1.73,2.03,1.77,2.1,1.73,2.1,,,2.04,3.47,3.53
F1,2627,2026-09-19,Le Mans,Lorient,2,1,1,0,1,3,3,3,0,0,,2,1.75,2.1,1.8,2.1,1.73,,,2.87,3.2,2.5
F1,2627,2026-09-19,Lyon,Rennes,4,0,2,0,3,8,4,2,0,0,,1.53,2.42,1.6,2.63,1.57,2.38,,,2.09,3.75,3.16
F1,2627,2026-09-19,Toulouse,Le Havre,3,2,0,0,6,7,3,1,0,0,,1.61,2.23,1.65,2.3,1.62,2.3,,,1.65,4.05,4.81
F1,2627,2026-09-20,Auxerre,Brest,2,1,0,1,8,3,1,1,0,0,,1.64,2.18,1.67,2.3,1.62,2.3,,,2.9,3.51,2.31
F1,2627,2026-09-20,Nice,Lille,2,1,1,0,3,7,3,1,0,0,,1.7,2.08,1.73,2.15,1.73,2.1,,,3.14,3.52,2.18
F1,2627,2026-09-20,Marseille,Paris SG,1,2,0,0,3,7,2,1,1,0,,1.36,3.02,1.4,3.2,1.36,3.2,,,6.54,5.08,1.4
I1,2627,2026-08-22,Inter,Monza,4,1,1,1,3,3,2,2,0,0,,1.48,2.55,1.5,2.7,1.5,2.63,,,1.15,7.82,17.22
I1,2627,2026-08-22,Udinese,Como,1,1,1,0,1,10,3,0,0,0,,2,1.77,2.05,1.83,2.03,1.83,,,5,3.59,1.72
I1,2627,2026-08-22,Genoa,Napoli,0,2,0,0,5,5,2,1,0,0,,2.48,1.51,2.63,1.53,2.63,1.5,,,3.94,3.06,2.07
I1,2627,2026-08-22,Parma,Cagliari,0,1,0,0,3,2,0,2,0,0,,2.71,1.44,3,1.5,3,1.4,,,2.86,2.86,2.74
I1,2627,2026-08-23,Frosinone,Juventus,0,1,0,1,3,12,2,2,0,0,,1.57,2.33,1.6,2.45,1.57,2.38,,,6.67,4.69,1.43
I1,2627,2026-08-23,Venezia,Lecce,0,2,0,0,5,3,1,3,0,0,,1.93,1.82,2,2,1.91,1.91,,,1.79,3.51,4.54
I1,2627,2026-08-23,Atalanta,Sassuolo,2,1,1,0,4,4,0,0,0,0,,1.64,2.2,1.67,2.25,1.67,2.2,,,1.51,4.34,5.88
I1,2627,2026-08-23,Torino,Milan,1,2,0,0,2,4,0,1,0,0,,2.17,1.66,2.25,1.73,2.2,1.67,,,4.39,3.35,1.87
I1,2627,2026-08-24,Bologna,Lazio,0,1,0,0,8,6,4,4,0,0,,2.33,1.57,2.38,1.6,2.38,1.57,,,2.46,3.03,3.07
I1,2627,2026-08-24,Roma,Fiorentina,4,0,1,0,2,3,2,2,0,0,,1.88,1.87,1.93,1.93,1.91,1.91,,,1.71,3.73,4.81
I1,2627,2026-08-28,Milan,Venezia,2,0,0,0,2,3,1,3,0,0,,1.68,2.12,1.73,2.2,1.67,2.2,,,1.48,4.44,6.36
I1,2627,2026-08-29,Fiorentina,Frosinone,0,3,0,2,8,5,3,3,0,0,,1.65,2.18,1.68,2.3,1.62,2.3,,,1.72,3.89,4.38
I1,2627,2026-08-29,Monza,Udinese,2,3,1,3,3,3,1,0,0,0,,2.24,1.61,2.4,1.67,2.2,1.67,,,2.89,3.06,2.57
I1,2627,2026-08-29,Sassuolo,Torino,2,1,1,1,4,3,3,1,0,0,,1.99,1.77,2.05,1.83,2,1.8,,,2.24,3.26,3.24
I1,2627,2026-08-29,Juventus,Parma,2,0,0,0,10,2,2,3,0,0,,1.65,2.19,1.7,2.3,1.62,2.3,,,1.2,6.34,14.38
I1,2627,2026-08-30,Napoli,Como,1,2,1,2,2,7,1,0,0,0,,2.2,1.64,2.3,1.67,2.3,1.62,,,2.29,3.06,3.36
I1,2627,2026-08-30,Cagliari,Inter,0,1,0,1,8,6,2,1,0,0,,1.65,2.18,1.7,2.3,1.67,2.2,,,7.58,4.73,1.39
I1,2627,2026-08-30,Lazio,Genoa,1,0,1,0,4,2,1,2,0,0,,2.48,1.51,2.63,1.6,2.63,1.5,,,2.25,2.94,3.61
I1,2627,2026-08-31,Lecce,Roma,0,4,0,3,2,1,1,1,0,0,,1.84,1.91,1.95,2,1.88,1.98,,,6.86,4.29,1.46
I1,2627,2026-08-31,Atalanta,Bologna,1,0,0,0,1,2,1,0,0,0,,1.88,1.87,1.95,1.91,1.91,1.91,,,1.85,3.56,4.16
I1,2627,2026-09-04,Genoa,Como,1,4,1,3,5,4,2,1,0,0,,1.96,1.8,2,1.85,2,1.85,,,5.38,3.61,1.67
I1,2627,2026-09-05,Fiorentina,Torino,1,2,0,0,3,5,0,0,0,0,,1.92,1.84,1.95,1.93,1.93,1.93,,,2.03,3.32,3.71
I1,2627,2026-09-05,Inter,Napoli,3,2,0,0,10,5,1,2,0,0,,1.77,1.98,1.83,2.1,1.8,2,,,1.63,3.86,5.24
I1,2627,2026-09-05,Roma,Atalanta,2,1,0,0,14,1,1,1,0,1,,1.73,2.05,1.8,2.1,1.8,2,,,1.67,3.85,4.95
I1,2627,2026-09-06,Frosinone,Venezia,3,2,2,0,5,2,2,4,0,0,,1.5,2.49,1.57,2.63,1.5,2.63,,,2.38,3.52,2.8
I1,2627,2026-09-06,Parma,Monza,1,1,0,1,6,3,2,2,0,0,,2.4,1.54,2.63,1.6,2.63,1.5,,,2.81,2.86,2.79
I1,2627,2026-09-06,Bologna,Sassuolo,2,2,0,1,10,7,3,1,0,0,,1.8,1.96,1.83,2,1.8,2,,,1.92,3.55,3.88
I1,2627,2026-09-06,Juventus,Milan,1,1,0,0,7,1,1,3,0,0,,2.22,1.63,2.3,1.67,2.3,1.62,,,2.19,3.09,3.55
I1,2627,2026-09-07,Cagliari,Lecce,1,0,1,0,7,5,1,3,0,0,,2.3,1.59,2.38,1.62,2.3,1.62,,,2.21,3.03,3.55
I1,2627,2026-09-07,Udinese,Lazio,1,2,0,0,2,8,5,1,0,0,,2.15,1.67,2.2,1.73,2.2,1.67,,,2.79,3.04,2.66
I1,2627,2026-09-11,Venezia,Fiorentina,2,4,1,2,2,4,2,1,0,0,,1.65,2.18,1.73,2.3,1.73,2.1,,,2.81,3.38,2.44
I1,2627,2026-09-12,Genoa,Frosinone,1,1,0,1,8,9,3,2,1,0,,1.76,2,1.87,2.1,1.73,2.1,,,2.26,3.33,3.13
I1,2627,2026-09-12,Lazio,Milan,2,2,2,0,2,5,2,3,0,0,,2.13,1.68,2.2,1.73,2.2,1.67,,,3.79,3.19,2.07
I1,2627,2026-09-12,Atalanta,Cagliari,1,2,1,1,3,2,0,0,0,0,,1.82,1.93,1.87,2,1.85,2,,,1.67,3.8,4.97
I1,2627,2026-09-13,Lecce,Monza,3,2,3,1,4,6,2,0,0,0,,2.19,1.64,2.25,1.67,2.2,1.67,,,2.82,2.98,2.69
I1,2627,2026-09-13,Napoli,Bologna,1,0,0,0,10,0,0,1,0,0,,1.86,1.87,1.91,1.91,1.91,1.91,,,1.79,3.57,4.45
I1,2627,2026-09-13,Sassuolo,Juventus,3,2,0,0,3,10,2,2,0,0,,1.83,1.92,1.93,2.1,1.93,1.93,,,5.15,3.8,1.65
I1,2627,2026-09-14,Como,Parma,2,1,1,0,11,4,1,0,0,0,,1.52,2.41,1.62,2.6,1.53,2.5,,,1.21,6.45,12.94
I1,2627,2026-09-14,Torino,Roma,0,2,0,1,1,8,0,2,0,0,,1.78,2,2.4,2.1,1.8,2,,,5.99,4.12,1.52
I1,2627,2026-09-14,Inter,Udinese,5,3,2,2,10,1,1,1,0,0,,1.37,2.94,1.42,3.2,1.4,3,,,1.19,6.89,12.88
I1,2627,2026-09-18,Monza,Sassuolo,2,1,0,0,7,5,4,1,0,0,,1.68,2.13,1.73,2.2,1.73,2.1,,,2.8,3.35,2.47
I1,2627,2026-09-19,Bologna,Torino,1,1,1,0,1,6,0,3,0,0,,2.21,1.64,2.3,1.67,2.2,1.67,,,1.96,3.26,4.1
I1,2627,2026-09-19,Udinese,Cagliari,0,1,0,0,16,1,2,0,0,0,,2.19,1.64,2.25,1.67,2.2,1.67,,,2.23,3.14,3.41
I1,2627,2026-09-19,Roma,Inter,2,2,2,0,4,2,3,3,0,0,,1.57,2.33,1.62,2.45,1.62,2.3,,,2.64,3.44,2.54
I1,2627,2026-09-19,Venezia,Lazio,0,2,0,0,7,2,6,0,0,0,,1.74,2.04,1.8,2.1,1.8,2,,,3.72,3.55,1.96
I1,2627,2026-09-20,Fiorentina,Napoli,1,1,0,1,4,5,3,0,0,0,,1.88,1.86,1.95,1.91,1.91,1.91,,,3.16,3.33,2.26
I1,2627,2026-09-20,Frosinone,Como,2,0,2,0,7,8,3,2,0,0,,1.32,3.3,1.38,3.5,1.33,3.4,,,6,5.02,1.44
I1,2627,2026-09-20,Parma,Genoa,2,1,1,0,2,5,3,3,0,0,,2.53,1.5,2.63,1.58,2.63,1.5,,,3.26,2.93,2.41
I1,2627,2026-09-20,Juventus,Atalanta,2,0,1,0,4,5,1,2,0,0,,1.79,1.97,1.83,2.05,1.83,2.03,,,1.62,3.93,5.16
I1,2627,2026-09-20,Milan,Lecce,3,0,1,0,2,3,0,1,0,0,,1.53,2.41,1.58,2.55,1.53,2.5,,,1.22,6.11,12.5
SP1,2627,2026-08-15,Alaves,Getafe,3,0,0,0,5,3,4,3,0,1,,3.32,1.32,3.75,1.4,3.75,1.29,,,2.32,2.76,3.75
SP1,2627,2026-08-15,Sevilla,Vallecano,2,1,0,1,1,2,4,4,1,0,,2.53,1.5,2.75,1.54,2.75,1.44,,,2.49,2.92,3.19
SP1,2627,2026-08-16,Santander,Villarreal,2,2,2,2,6,10,2,4,0,0,,1.52,2.47,1.6,2.63,1.57,2.38,,,3.69,3.77,1.92
SP1,2627,2026-08-16,Espanol,Levante,3,0,2,0,0,1,3,0,0,0,,2.13,1.68,2.2,1.73,2.2,1.67,,,2.1,3.23,3.71
SP1,2627,2026-08-17,La Coruna,Elche,1,1,1,0,2,6,2,2,0,0,,2.25,1.61,2.3,1.67,2.3,1.62,,,2.19,3.15,3.53
SP1,2627,2026-08-19,Ath Madrid,Malaga,2,0,0,0,6,1,2,3,0,0,,1.63,2.22,1.67,2.3,1.67,2.2,,,1.46,4.51,6.53
SP1,2627,2026-08-20,Vallecano,Alaves,1,1,0,0,9,7,1,2,0,0,,2.3,1.59,2.5,1.65,2.3,1.62,,,2.42,3.07,3.07
SP1,2627,2026-08-21,Betis,Sociedad,1,0,0,0,4,5,3,3,0,0,,1.78,1.97,1.83,2,1.8,2,,,2.11,3.43,3.38
SP1,2627,2026-08-22,Ath Bilbao,Sevilla,1,3,0,1,10,3,2,5,1,0,,2.1,1.69,2.15,1.73,2.1,1.73,,,1.75,3.57,4.79
SP1,2627,2026-08-22,Valencia,Celta,0,0,0,0,1,2,2,3,0,0,,2.26,1.6,2.38,1.65,2.38,1.57,,,2.42,3.12,3.04
SP1,2627,2026-08-22,Espanol,Real Madrid,1,2,1,1,0,8,5,1,0,0,,1.52,2.45,1.57,2.63,1.53,2.5,,,7.35,4.88,1.39
SP1,2627,2026-08-23,Ath Madrid,Villarreal,2,2,0,0,5,3,3,2,1,0,,1.62,2.22,1.67,2.3,1.62,2.3,,,1.78,3.83,4.15
SP1,2627,2026-08-23,Getafe,Santander,1,0,0,0,8,6,1,3,0,0,,2.2,1.64,2.25,1.67,2.2,1.67,,,2.27,3.07,3.42
SP1,2627,2026-08-23,Elche,Barcelona,0,5,0,2,3,1,1,0,0,0,,1.47,2.62,1.5,2.75,1.5,2.63,,,8.35,5.52,1.32
SP1,2627,2026-08-24,Osasuna,Levante,0,0,0,0,9,4,2,1,0,0,,2.14,1.67,2.2,1.73,2.2,1.67,,,1.9,3.38,4.21
SP1,2627,2026-08-24,Malaga,La Coruna,1,1,1,1,7,4,1,4,0,0,,2.23,1.63,2.3,1.67,2.3,1.62,,,2.36,3.05,3.2
SP1,2627,2026-08-25,Valencia,Betis,0,1,0,0,8,2,2,1,0,0,,2.09,1.7,2.15,1.75,2.1,1.73,,,2.61,3.23,2.72
SP1,2627,2026-08-26,Real Madrid,Sociedad,4,1,1,1,4,7,3,3,0,0,,1.31,3.37,1.33,3.6,1.3,3.5,,,1.18,7.37,12.96
SP1,2627,2026-08-27,Celta,Osasuna,1,2,1,0,5,3,0,1,1,0,,2.27,1.6,2.35,1.62,2.3,1.62,,,1.85,3.29,4.63
SP1,2627,2026-08-27,Barcelona,Ath Bilbao,2,0,1,0,12,5,1,2,0,0,,1.31,3.34,1.33,3.6,1.33,3.4,,,1.22,6.64,10.81
SP1,2627,2026-08-28,Santander,Elche,3,2,3,0,5,10,2,1,0,0,,1.69,2.1,1.73,2.15,1.73,2.1,,,1.95,3.58,3.75
SP1,2627,2026-08-28,Alaves,Villarreal,1,0,1,0,5,9,3,1,0,0,,1.78,1.96,1.83,2,1.8,2,,,3.03,3.44,2.26
SP1,2627,2026-08-29,Levante,Betis,5,2,2,2,5,8,1,1,0,0,,1.83,1.93,1.9,2,1.9,1.95,,,3.1,3.34,2.27
SP1,2627,2026-08-29,Sociedad,Espanol,2,1,1,1,7,3,2,4,0,0,,1.72,2.05,1.75,2.1,1.73,2.1,,,1.85,3.68,4.02
SP1,2627,2026-08-29,Sevilla,Ath Madrid,1,3,0,3,4,2,2,2,0,0,,2.03,1.75,2.1,1.8,2.1,1.73,,,3.99,3.43,1.93
SP1,2627,2026-08-30,Real Madrid,Malaga,4,0,3,0,9,6,0,2,0,0,,1.21,4.21,1.23,4.5,1.22,4.33,,,1.09,10.72,21.88
SP1,2627,2026-08-30,La Coruna,Valencia,3,1,2,1,5,5,2,1,1,0,,2.36,1.56,2.5,1.57,2.5,1.53,,,2.72,2.98,2.82
SP1,2627,2026-08-30,Celta,Ath Bilbao,0,2,0,2,4,7,0,3,0,0,,2.27,1.6,2.38,1.62,2.38,1.57,,,2.77,3.1,2.65
SP1,2627,2026-08-31,Osasuna,Getafe,1,0,1,0,1,3,5,4,0,0,,3.01,1.37,3.2,1.42,3.2,1.36,,,2.15,2.85,4.08
SP1,2627,2026-08-31,Barcelona,Vallecano,5,2,2,1,9,5,0,1,0,0,,1.19,4.49,1.22,5.25,1.2,4.5,,,1.1,10.44,19.91
SP1,2627,2026-09-03,Sociedad,Celta,0,0,0,0,11,3,2,3,0,0,,1.76,2.01,1.8,2.1,1.8,2,,,1.76,3.66,4.52
SP1,2627,2026-09-04,Betis,Real Madrid,1,0,0,0,6,10,3,5,0,0,,1.37,3,1.4,3.1,1.4,3,,,5.87,5,1.44
SP1,2627,2026-09-05,Ath Bilbao,Ath Madrid,3,0,0,0,3,8,0,1,0,0,,1.87,1.88,1.93,1.93,1.93,1.93,,,2.7,3.31,2.56
SP1,2627,2026-09-05,Vallecano,Santander,3,2,2,2,9,6,3,2,2,0,,1.62,2.23,1.67,2.3,1.67,2.2,,,1.96,3.62,3.65
SP1,2627,2026-09-05,Villarreal,La Coruna,2,3,1,1,7,1,2,2,0,0,,1.61,2.25,1.67,2.3,1.67,2.2,,,1.44,4.67,6.7
SP1,2627,2026-09-06,Valencia,Barcelona,0,5,0,2,1,4,1,3,0,0,,1.34,3.13,1.38,3.4,1.36,3.2,,,10.48,6.39,1.24
SP1,2627,2026-09-06,Alaves,Osasuna,5,2,2,0,4,1,1,2,0,0,,2.4,1.54,2.5,1.57,2.38,1.57,,,2.2,3.11,3.5
SP1,2627,2026-09-06,Malaga,Levante,0,0,0,0,6,4,4,2,0,0,,1.86,1.9,1.93,1.95,1.93,1.93,,,2.41,3.29,2.91
SP1,2627,2026-09-06,Espanol,Sevilla,1,1,0,0,0,4,2,3,0,1,,2.19,1.64,2.25,1.7,2.2,1.67,,,2.3,3.16,3.23
SP1,2627,2026-09-07,Getafe,Celta,1,1,1,0,3,5,4,2,1,0,,3.29,1.32,3.6,1.36,3.5,1.3,,,2.74,2.67,3.06
SP1,2627,2026-09-07,Elche,Sociedad,2,3,0,2,6,7,4,1,0,1,,1.74,2.03,1.8,2.1,1.73,2.1,,,3.05,3.38,2.26
SP1,2627,2026-09-11,Sevilla,Valencia,1,0,0,0,6,4,1,2,0,0,,2.13,1.68,2.2,1.73,2.2,1.67,,,1.76,3.53,4.79
SP1,2627,2026-09-12,Santander,Alaves,2,1,1,1,4,6,2,3,1,0,,1.69,2.11,1.73,2.2,1.67,2.2,,,2.59,3.46,2.59
SP1,2627,2026-09-12,Osasuna,Espanol,0,2,0,2,3,4,2,3,0,0,,2.1,1.7,2.15,1.73,2.1,1.73,,,2.21,3.2,3.38
SP1,2627,2026-09-12,Ath Bilbao,Elche,1,1,0,0,7,1,3,3,0,0,,1.62,2.23,1.67,2.3,1.67,2.2,,,1.39,4.78,7.49
SP1,2627,2026-09-12,Real Madrid,Vallecano,4,1,3,0,11,5,0,1,0,0,,1.25,3.84,1.27,4.2,1.25,4,,,1.14,8.6,15.73
SP1,2627,2026-09-13,Celta,Malaga,1,1,1,0,1,5,1,1,0,0,,2,1.76,2.08,1.83,2.03,1.83,,,1.68,3.65,5.23
SP1,2627,2026-09-13,Levante,Barcelona,2,4,0,2,3,5,1,1,0,0,,1.21,4.23,1.23,4.8,1.22,4.33,,,12,7.97,1.18
SP1,2627,2026-09-13,Getafe,La Coruna,1,1,0,0,3,7,3,1,0,0,,2.6,1.48,2.7,1.55,2.63,1.5,,,2.54,2.89,3.11
SP1,2627,2026-09-13,Sociedad,Ath Madrid,0,3,0,0,9,3,3,1,0,0,,1.67,2.14,1.73,2.2,1.67,2.2,,,3.32,3.55,2.08
SP1,2627,2026-09-14,Villarreal,Betis,1,2,1,2,7,4,1,0,0,0,,1.41,2.8,1.48,3,1.4,3,,,1.93,3.96,3.46
SP1,2627,2026-09-15,Vallecano,Espanol,2,1,2,0,3,5,5,1,0,1,,2,1.76,2.1,1.83,2.1,1.73,,,2.23,3.24,3.29
SP1,2627,2026-09-15,Alaves,Valencia,0,1,0,0,2,5,1,4,0,0,,2.08,1.7,2.15,1.75,2.1,1.73,,,1.71,3.5,5.18
SP1,2627,2026-09-15,Elche,Real Madrid,2,3,0,2,2,5,4,2,0,0,,1.3,3.4,1.33,3.6,1.33,3.4,,,12.02,7.22,1.19
SP1,2627,2026-09-16,Ath Madrid,Osasuna,4,0,1,0,8,0,1,2,0,0,,1.57,2.32,1.67,2.45,1.57,2.38,,,1.3,5.41,9.75
SP1,2627,2026-09-16,La Coruna,Sevilla,0,1,0,0,4,4,1,4,1,0,,2.17,1.66,2.2,1.7,2.2,1.67,,,2.71,3.09,2.73
SP1,2627,2026-09-16,Barcelona,Santander,7,2,4,1,18,0,3,2,0,0,,1.09,7.04,1.1,8.5,1.1,7,,,1.05,14.15,26.81
SP1,2627,2026-09-17,Betis,Getafe,1,0,1,0,4,3,0,0,0,0,,1.95,1.81,2,1.85,2,1.8,,,1.49,4.05,6.99
SP1,2627,2026-09-17,Malaga,Villarreal,1,3,1,2,4,8,0,0,0,0,,1.66,2.16,1.7,2.2,1.67,2.2,,,3.39,3.54,2.06
SP1,2627,2026-09-18,Espanol,Elche,1,3,0,2,3,3,2,2,0,1,,1.73,2.05,1.8,2.1,1.73,2.1,,,1.76,3.69,4.48
SP1,2627,2026-09-19,Osasuna,Vallecano,1,1,1,0,4,4,3,2,0,0,,2.06,1.73,2.1,1.78,2.1,1.73,,,2.64,3.19,2.71
SP1,2627,2026-09-19,Ath Bilbao,Alaves,0,0,0,0,5,1,2,0,0,0,,2.01,1.75,2.1,1.8,2.1,1.73,,,1.6,3.8,5.82
SP1,2627,2026-09-19,Celta,Santander,5,0,2,0,3,3,2,5,0,0,,1.67,2.14,1.71,2.2,1.67,2.2,,,1.79,3.76,4.19
SP1,2627,2026-09-19,Sevilla,Barcelona,1,3,1,1,1,3,1,0,0,0,,1.27,3.63,1.3,3.9,1.29,3.75,,,8.42,6.33,1.28
SP1,2627,2026-09-20,Getafe,Malaga,1,0,0,0,5,9,4,2,0,0,,2.38,1.55,2.45,1.58,2.38,1.57,,,1.9,3.26,4.42
SP1,2627,2026-09-20,Ath Madrid,Real Madrid,2,1,0,0,3,1,2,2,0,1,,1.51,2.5,1.55,2.6,1.53,2.5,,,3.44,3.8,1.97
SP1,2627,2026-09-20,La Coruna,Betis,1,1,0,1,11,5,1,1,0,0,,1.77,2,1.83,2.05,1.8,2,,,3.72,3.65,1.93
SP1,2627,2026-09-20,Villarreal,Levante,3,1,1,1,7,1,1,1,0,0,,1.51,2.5,1.58,2.6,1.53,2.5,,,1.54,4.44,5.4
SP1,2627,2026-09-20,Valencia,Sociedad,2,3,0,1,7,5,2,1,0,1,,1.9,1.85,1.95,1.91,1.91,1.91,,,2.86,3.33,2.43
SP2,2627,2026-08-14,Sociedad B,Castellon,0,1,0,1,5,8,2,4,0,0,,1.62,2.18,1.67,2.3,1.67,2.15,,,4.1,3.77,1.72
SP2,2627,2026-08-15,Andorra,Ceuta,5,1,1,0,2,2,3,1,0,0,,1.76,1.97,1.8,2,1.8,2,,,1.55,3.89,5.39
SP2,2627,2026-08-15,Cadiz,Celta B,0,0,0,0,6,2,4,3,0,0,,1.86,1.86,1.9,1.91,1.9,1.9,,,2.08,3.31,3.25
SP2,2627,2026-08-15,Oviedo,Granada,0,0,0,0,3,2,2,2,0,0,,2.47,1.49,2.7,1.53,2.7,1.44,,,1.97,3.02,3.96
SP2,2627,2026-08-15,Mallorca,Valladolid,2,0,0,0,3,3,2,2,0,0,,1.92,1.82,1.95,1.85,1.95,1.85,,,1.67,3.55,4.78
SP2,2627,2026-08-16,Eibar,Tenerife,1,3,1,2,7,3,0,1,0,0,,2.22,1.6,2.3,1.67,2.3,1.6,,,1.81,3.26,4.29
SP2,2627,2026-08-16,Burgos,Cordoba,3,2,2,2,1,7,1,3,0,0,,2.12,1.65,2.2,1.7,2.15,1.67,,,2.22,3.1,3.13
SP2,2627,2026-08-16,Girona,Leganes,1,1,0,0,9,0,2,3,0,0,,1.92,1.8,2.05,1.9,2.05,1.75,,,1.53,3.81,5.7
SP2,2627,2026-08-16,Las Palmas,Albacete,2,1,1,0,3,6,1,2,0,0,,1.92,1.8,2,1.83,2,1.8,,,1.94,3.31,3.64
SP2,2627,2026-08-17,Sp Gijon,Sabadell,0,0,0,0,1,8,1,3,0,0,,2.23,1.59,2.35,1.62,2.35,1.57,,,2.04,3.06,3.63
SP2,2627,2026-08-17,Almeria,Eldense,3,0,3,0,7,8,1,3,0,0,,1.56,2.28,1.6,2.4,1.57,2.35,,,1.43,4.44,6.09
SP2,2627,2026-08-21,Cordoba,Girona,2,1,2,0,2,3,4,5,0,0,,1.69,2.07,1.73,2.1,1.7,2.1,,,2.56,3.41,2.47
SP2,2627,2026-08-22,Oviedo,Leganes,0,1,0,1,9,2,3,0,0,1,,2.39,1.52,2.5,1.57,2.5,1.5,,,1.77,3.18,4.7
SP2,2627,2026-08-22,Albacete,Sociedad B,1,2,0,2,5,6,2,1,0,0,,1.8,1.92,1.87,2.1,1.85,1.95,,,1.66,3.65,4.79
SP2,2627,2026-08-22,Ceuta,Las Palmas,0,2,0,1,6,4,2,0,0,0,,1.64,2.14,1.67,2.25,1.62,2.25,,,2.73,3.36,2.34
SP2,2627,2026-08-22,Eldense,Cadiz,2,2,0,0,7,3,2,3,0,0,,2.1,1.67,2.15,1.73,2.15,1.67,,,2.13,3.07,3.38
SP2,2627,2026-08-23,Eibar,Valladolid,1,0,0,0,5,5,3,4,0,0,,2.44,1.5,2.5,1.53,2.5,1.5,,,2.01,2.95,3.94
SP2,2627,2026-08-23,Castellon,Sabadell,0,0,0,0,5,3,2,5,0,0,,1.89,1.84,1.95,1.91,1.95,1.85,,,1.68,3.53,4.81
SP2,2627,2026-08-23,Sp Gijon,Burgos,1,0,1,0,4,4,0,2,0,0,,2.23,1.6,2.25,1.62,2.25,1.62,,,1.96,3.15,3.83
SP2,2627,2026-08-23,Tenerife,Almeria,1,0,1,0,5,7,2,0,0,0,,2.04,1.71,2.15,1.75,2.15,1.67,,,2.67,3.07,2.58
SP2,2627,2026-08-24,Celta B,Andorra,4,2,0,0,4,4,4,3,0,0,,1.96,1.77,2.08,1.83,2.08,1.73,,,3.21,3.24,2.14
SP2,2627,2026-08-24,Granada,Mallorca,2,0,1,0,7,1,1,3,0,0,,2.34,1.54,2.4,1.57,2.4,1.53,,,2.95,2.96,2.43
SP2,2627,2026-08-28,Tenerife,Sp Gijon,0,1,0,0,4,1,1,5,0,0,,2.3,1.55,2.38,1.62,2.35,1.57,,,2.25,2.96,3.23
SP2,2627,2026-08-29,Sabadell,Almeria,1,0,0,0,4,3,5,2,0,0,,2.24,1.59,2.3,1.62,2.3,1.6,,,2.56,3.02,2.72
SP2,2627,2026-08-29,Albacete,Oviedo,0,1,0,1,8,5,3,3,0,0,,2.37,1.53,2.45,1.57,2.4,1.53,,,2.35,3,2.99
SP2,2627,2026-08-29,Leganes,Eldense,1,0,0,0,0,8,1,0,0,0,,2.05,1.7,2.1,1.73,2.1,1.7,,,1.84,3.33,4.07
SP2,2627,2026-08-29,Girona,Las Palmas,5,2,1,0,4,1,2,2,0,1,,1.66,2.1,1.7,2.15,1.67,2.15,,,1.67,3.69,4.57
SP2,2627,2026-08-30,Andorra,Eibar,0,1,0,0,6,2,1,0,0,1,,1.91,1.8,1.95,1.85,1.95,1.85,,,2.03,3.23,3.44
SP2,2627,2026-08-30,Cadiz,Valladolid,1,1,1,1,4,6,4,4,0,0,,2.23,1.59,2.3,1.62,2.25,1.62,,,2.56,2.99,2.72
SP2,2627,2026-08-30,Mallorca,Ceuta,3,0,1,0,3,3,2,3,0,0,,1.61,2.19,1.65,2.3,1.62,2.25,,,1.36,4.59,7.28
SP2,2627,2026-08-30,Cordoba,Granada,1,3,1,0,6,3,1,1,0,0,,1.8,1.92,1.88,2,1.88,1.93,,,1.77,3.46,4.3
SP2,2627,2026-08-31,Burgos,Sociedad B,2,2,1,1,6,4,1,2,0,0,,2.16,1.63,2.25,1.67,2.25,1.62,,,1.91,3.19,3.93
SP2,2627,2026-08-31,Celta B,Castellon,1,2,0,1,3,3,1,3,0,0,,1.67,2.09,1.7,2.2,1.7,2.1,,,3.95,3.73,1.76
SP2,2627,2026-09-04,Las Palmas,Leganes,0,0,0,0,3,4,3,2,0,0,,2.07,1.69,2.15,1.8,2.15,1.67,,,2.51,3.09,2.73
SP2,2627,2026-09-05,Sociedad B,Tenerife,1,1,0,0,2,3,2,4,0,0,,2.17,1.63,2.2,1.67,2.2,1.65,,,2.61,3.05,2.64
SP2,2627,2026-09-05,Sp Gijon,Girona,0,2,0,1,4,0,1,3,0,0,,1.92,1.8,1.98,1.85,1.95,1.85,,,2.69,3.25,2.43
SP2,2627,2026-09-05,Ceuta,Celta B,0,2,0,1,8,4,3,5,1,0,,1.74,2.01,1.78,2.1,1.75,2.05,,,1.89,3.47,3.65
SP2,2627,2026-09-05,Valladolid,Andorra,1,0,1,0,2,4,2,4,1,0,,2.01,1.73,2.1,1.83,2.08,1.73,,,2.27,3.17,2.99
SP2,2627,2026-09-05,Eldense,Mallorca,0,0,0,0,5,8,1,3,0,0,,1.93,1.8,2,1.85,1.98,1.83,,,3.55,3.34,1.97
SP2,2627,2026-09-06,Eibar,Granada,3,0,2,0,1,5,3,3,1,0,,2.17,1.63,2.25,1.67,2.15,1.67,,,1.94,3.26,3.77
SP2,2627,2026-09-06,Oviedo,Burgos,0,0,0,0,9,6,3,4,1,0,,2.41,1.52,2.5,1.57,2.5,1.5,,,1.9,3.15,4.13
SP2,2627,2026-09-06,Castellon,Albacete,2,0,0,0,7,3,1,1,0,0,,1.59,2.25,1.62,2.38,1.62,2.25,,,1.47,4.24,5.78
SP2,2627,2026-09-06,Almeria,Cadiz,3,2,3,1,3,4,2,2,0,0,,1.89,1.84,1.98,1.91,1.98,1.83,,,1.49,3.97,5.96
SP2,2627,2026-09-07,Sabadell,Cordoba,3,2,2,1,3,4,2,3,0,0,,2.14,1.64,2.25,1.7,2.25,1.62,,,2.16,3.12,3.22
SP2,2627,2026-09-11,Burgos,Ceuta,3,1,1,1,1,7,3,2,0,0,,1.97,1.77,2.05,1.83,2,1.8,,,1.57,3.69,5.53
SP2,2627,2026-09-12,Andorra,Sociedad B,1,3,0,3,7,2,1,5,0,0,,1.68,2.1,1.7,2.2,1.7,2.1,,,1.69,3.75,4.44
SP2,2627,2026-09-12,Cadiz,Las Palmas,0,1,0,0,7,9,4,0,0,0,,2,1.75,2.05,1.8,2.05,1.75,,,2.37,3.2,2.84
SP2,2627,2026-09-12,Girona,Castellon,1,2,1,0,4,11,5,2,1,0,,1.64,2.16,1.67,2.25,1.65,2.2,,,2.18,3.43,2.99
SP2,2627,2026-09-12,Granada,Albacete,1,1,0,0,4,5,1,1,0,0,,1.91,1.82,2,1.9,1.9,1.9,,,1.81,3.42,4.11
SP2,2627,2026-09-12,Cordoba,Almeria,0,2,0,0,9,0,4,6,0,1,,1.63,2.17,1.67,2.25,1.67,2.15,,,2.49,3.43,2.55
SP2,2627,2026-09-13,Sp Gijon,Eldense,0,1,0,0,4,4,2,3,0,0,,1.87,1.84,1.93,1.98,1.83,1.98,,,1.59,3.7,5.19
SP2,2627,2026-09-13,Valladolid,Oviedo,0,3,0,1,2,3,2,2,0,0,,2.45,1.49,2.55,1.53,2.5,1.5,,,2.43,2.91,2.97
SP2,2627,2026-09-13,Mallorca,Sabadell,2,0,2,0,3,7,2,1,0,0,,2.33,1.54,2.4,1.62,2.4,1.53,,,1.8,3.19,4.49
SP2,2627,2026-09-13,Tenerife,Leganes,2,0,1,0,3,4,2,2,0,0,,2.57,1.45,2.7,1.52,2.7,1.44,,,2.29,2.88,3.24
SP2,2627,2026-09-14,Celta B,Eibar,0,4,0,4,5,1,3,4,0,0,,1.98,1.75,2,1.83,2,1.8,,,3.28,3.18,2.12
SP2,2627,2026-09-18,Albacete,Cordoba,1,2,1,0,4,3,1,6,0,0,,1.6,2.23,1.62,2.25,1.62,2.25,,,2.47,3.49,2.5
SP2,2627,2026-09-19,Sociedad B,Mallorca,0,1,0,0,5,3,2,3,0,0,,1.9,1.82,1.95,1.88,1.95,1.85,,,3.5,3.37,1.99
SP2,2627,2026-09-19,Andorra,Sp Gijon,1,3,0,1,9,4,1,3,0,0,,1.9,1.81,1.98,1.91,1.98,1.83,,,2.01,3.34,3.4
SP2,2627,2026-09-19,Castellon,Tenerife,5,0,3,0,0,5,0,2,0,0,,1.9,1.82,1.98,1.91,1.98,1.83,,,1.42,4.09,7.09
SP2,2627,2026-09-19,Eldense,Eibar,1,2,0,1,9,2,2,4,0,0,,2.13,1.66,2.2,1.73,2.2,1.65,,,2.7,3.03,2.58
SP2,2627,2026-09-19,Cadiz,Girona,1,2,0,2,2,4,5,4,0,0,,1.94,1.78,2,1.83,2,1.8,,,3.63,3.31,1.95
SP2,2627,2026-09-20,Sabadell,Oviedo,3,1,2,0,4,1,2,2,0,0,,2.54,1.47,2.7,1.52,2.7,1.44,,,2.23,2.91,3.4
SP2,2627,2026-09-20,Ceuta,Valladolid,1,1,0,0,3,3,1,3,1,1,,2.12,1.66,2.2,1.73,2.2,1.65,,,3.05,3.1,2.27
SP2,2627,2026-09-20,Almeria,Celta B,2,0,2,0,2,5,0,1,0,0,,1.55,2.32,1.58,2.5,1.57,2.35,,,1.38,4.6,6.92
SP2,2627,2026-09-20,Las Palmas,Burgos,1,2,1,0,9,4,2,3,0,0,,2.06,1.7,2.1,1.73,2.1,1.7,,,1.91,3.24,3.92
SP2,2627,2026-09-20,Leganes,Granada,3,2,2,1,6,4,2,4,0,0,,2.32,1.55,2.4,1.6,2.4,1.53,,,2.05,3.04,3.62
SP2,2627,2026-09-25,Girona,Albacete,2,0,2,0,3,5,0,3,0,1,,1.62,2.19,1.67,2.3,1.67,2.15,,,1.53,4.05,5.25
SP2,2627,2026-09-26,Ceuta,Sociedad B,3,1,0,0,9,2,3,3,0,2,,1.89,1.82,1.95,1.91,1.95,1.85,,,2.65,3.23,2.46
SP2,2627,2026-09-26,Granada,Andorra,2,3,0,2,14,4,2,8,0,0,,1.93,1.79,2,1.85,1.95,1.85,,,2.03,3.27,3.43
SP2,2627,2026-09-26,Celta B,Sabadell,1,1,1,1,3,7,2,4,0,0,,2,1.73,2.1,1.8,2.05,1.75,,,3.42,3.24,2.03
SP2,2627,2026-09-26,Tenerife,Cadiz,1,1,1,0,1,2,1,4,0,0,,2.28,1.56,2.35,1.62,2.35,1.57,,,1.82,3.21,4.32
SP2,2627,2026-09-27,Valladolid,Cordoba,3,1,1,1,2,5,3,3,0,0,,1.85,1.86,1.9,1.93,1.9,1.9,,,2.34,3.24,2.79
SP2,2627,2026-09-27,Mallorca,Almeria,0,1,0,1,6,2,6,3,0,0,,1.94,1.78,2,1.91,2,1.8,,,1.99,3.21,3.56
SP2,2627,2026-09-27,Burgos,Eldense,1,0,1,0,2,5,3,2,0,0,,2.2,1.6,2.25,1.65,2.25,1.62,,,2.29,3.06,3.04
SP2,2627,2026-09-27,Eibar,Las Palmas,3,2,2,1,6,1,0,6,0,1,,1.76,1.96,1.8,2,1.8,2,,,1.75,3.49,4.27
SP2,2627,2026-09-27,Oviedo,Sp Gijon,2,0,1,0,5,4,4,6,0,1,,2.38,1.53,2.45,1.57,2.35,1.57,,,2.15,3,3.41
